use pro111;
CREATE TABLE Propertyinfo 
(
    Prop_ID INT,
    PropertyCity VARCHAR(13),
    PropertyState VARCHAR(13)
);
INSERT INTO Propertyinfo VALUES
    (1,'New York','New York'),
    (2,'Cincinnati','Ohio'),
    (3,'Portland','Oregon'),
    (4,'Seattle','Washington'),
    (5,'Kansas City','Missouri'),
    (6,'Orlando','Florida'),
    (7,'Boston','Massachusetts'),
    (8,'Philadelphia','Pennsylvania'),
    (9,'Richmond','Virginia'),
    (10,'Arlington','Virginia'),
    (11,'Atlanta','Georgia'),
    (12,'Dallas','Texas'),
    (13,'New Orleans','Louisiana'),
    (14,'Nashville','Tennessee'),
    (15,'Chicago','Illinois'),
    (16,'Denver','Colorado'),
    (17,'Las Vegas','Nevada'),
    (18,'Phoenix','Arizona'),
    (19,'Los Angeles','California'),
    (20,'San Francisco','California');
    
    CREATE TABLE Products (
    ProductID INT,
    ProductName VARCHAR(19),
    ProductCategory VARCHAR(15),
    Price INT
);
INSERT INTO Products VALUES
    (1,'Large Towel','Housekeeping',9),
    (2,'Hand Towel','Housekeeping',5),
    (3,'Washcloth','Housekeeping',3),
    (4,'Shampoo','Housekeeping',40),
    (5,'Moisturizer','Housekeeping',40),
    (6,'Conditioner','Housekeeping',40),
    (7,'Hand Soap','Housekeeping',35),
    (8,'Bath Soap','Housekeeping',35),
    (9,'Tissues','Housekeeping',14),
    (10,'Toilet Paper','Housekeeping',19),
    (11,'Shower Cap','Housekeeping',10),
    (12,'Bed Sheet (King)','Housekeeping',29),
    (13,'Bed Sheet (Double)','Housekeeping',20),
    (14,'Pillowcase','Housekeeping',15),
    (15,'Drinking Glass','Housekeeping',24),
    (16,'Mouthwash','Housekeeping',40),
    (17,'Clothes Hanger','Housekeeping',18),
    (18,'Coffee Cup','Housekeeping',24),
    (19,'Light Bulb','Housekeeping',17),
    (20,'Pens','Office Supplies',30),
    (21,'Printer Paper','Office Supplies',50),
    (22,'Paper Clips','Office Supplies',3),
    (23,'Printer Toner','Office Supplies',85),
    (24,'Envelopes (Letter)','Office Supplies',24),
    (25,'Envelopes (Legal)','Office Supplies',28),
    (26,'Envelopes (Catalog)','Office Supplies',13),
    (27,'Invisible Tape','Office Supplies',8),
    (28,'Staples','Office Supplies',8),
    (29,'Erasable Markers','Office Supplies',6),
    (30,'Permanent Markers','Office Supplies',6),
    (31,'Sticky Notes','Office Supplies',20),
    (32,'Note Pads','Office Supplies',14),
    (33,'Towel Rack','Furnishings',10),
    (34,'Shower Curtain','Furnishings',5),
    (35,'Tissue Box','Furnishings',25),
    (36,'Armoire','Furnishings',115),
    (37,'Bed (King)','Furnishings',300),
    (38,'Bed (Double)','Furnishings',250),
    (39,'Alarm Clock','Furnishings',45),
    (40,'Coffee Maker','Furnishings',119),
    (41,'Office Chair','Furnishings',85),
    (42,'Reading Chair','Furnishings',70),
    (43,'Table Lamp','Furnishings',38),
    (44,'Floor Lamp','Furnishings',55),
    (45,'Computer Desk','Furnishings',102),
    (46,'Safe','Furnishings',115),
    (47,'Swivel Chair','Furnishings',75),
    (48,'Side Table','Furnishings',40),
    (49,'Large Vase','Furnishings',27),
    (50,'Small Vase','Furnishings',33),
    (51,'Painting','Furnishings',85),
    (52,'Ironing Board','Furnishings',18),
    (53,'Iron','Furnishings',20),
    (54,'Chest of Drawers','Furnishings',150),
    (55,'Television','Furnishings',200),
    (56,'Telephone','Furnishings',38),
    (57,'Wireless Router','Furnishings',70),
    (58,'Mirror','Furnishings',85),
    (59,'Screws','Maintenance',14),
    (60,'Portable Drill','Maintenance',195),
    (61,'Tape Measure','Maintenance',8),
    (62,'Leaf Blower','Maintenance',202),
    (63,'Duct Tape','Maintenance',27),
    (64,'Gaffer''s Tape','Maintenance',27),
    (65,'Ladder','Maintenance',89),
    (66,'Wood Glue','Maintenance',21),
    (67,'Adjustable Wrench','Maintenance',10),
    (68,'Window Screen','Maintenance',30),
    (69,'Door Knob','Maintenance',41),
    (70,'Door Lock','Maintenance',117),
    (71,'Hammer','Maintenance',17),
    (72,'Nails','Maintenance',12),
    (73,'Mop','Maintenance',15),
    (74,'Large Plant','Public Areas',35),
    (75,'Small Plant','Public Areas',25),
    (76,'Ficus','Public Areas',80),
    (77,'Large Area Rug','Public Areas',40),
    (78,'Small Area Rug','Public Areas',20),
    (79,'Coffee Table','Public Areas',103),
    (80,'Poster Stand','Public Areas',27),
    (81,'Flyer Holder','Public Areas',3),
    (82,'Business Cards','Public Areas',60),
    (83,'Bar Stool','Public Areas',60),
    (84,'Tall Chair','Public Areas',75),
    (85,'Low Chair','Public Areas',80),
    (86,'Sofa','Public Areas',215),
    (87,'End Table','Public Areas',30),
    (88,'Serving Tray','Public Areas',6),
    (89,'Photograph','Public Areas',45),
    (90,'Luggage Cart','Public Areas',138),
    (91,'Small Sign','Public Areas',14),
    (92,'Large Sign','Public Areas',20),
    (93,'Terminal','Public Areas',85),
    (94,'Monitor','Public Areas',70);
    
    CREATE TABLE OrderDetails (
    OrderID INT,
    OrderDate DATETIME,
    PropertyID INT,
    ProductID INT,
    Quantity INT
);
INSERT INTO OrderDetails VALUES
    (1,'2015-01-01 00:00:00',17,41,1),
    (2,'2015-01-01 00:00:00',15,54,2),
    (3,'2015-01-01 00:00:00',5,71,2),
    (4,'2015-01-01 00:00:00',19,3,2),
    (5,'2015-01-01 00:00:00',12,45,3),
    (6,'2015-01-01 00:00:00',6,94,2),
    (7,'2015-01-01 00:00:00',5,35,2),
    (8,'2015-01-02 00:00:00',16,93,1),
    (9,'2015-01-02 00:00:00',4,93,3),
    (10,'2015-01-02 00:00:00',2,61,2),
    (11,'2015-01-02 00:00:00',2,24,1),
    (12,'2015-01-02 00:00:00',8,23,1),
    (13,'2015-01-02 00:00:00',12,24,2),
    (14,'2015-01-03 00:00:00',4,94,3),
    (15,'2015-01-03 00:00:00',16,20,2),
    (16,'2015-01-03 00:00:00',2,94,3),
    (17,'2015-01-03 00:00:00',19,84,1),
    (18,'2015-01-03 00:00:00',9,89,2),
    (19,'2015-01-03 00:00:00',20,21,3),
    (20,'2015-01-03 00:00:00',1,6,1),
    (21,'2015-01-03 00:00:00',8,57,3),
    (22,'2015-01-03 00:00:00',4,70,2),
    (23,'2015-01-04 00:00:00',17,24,1),
    (24,'2015-01-04 00:00:00',14,23,2),
    (25,'2015-01-04 00:00:00',12,52,1),
    (26,'2015-01-04 00:00:00',17,84,2),
    (27,'2015-01-04 00:00:00',10,74,1),
    (28,'2015-01-05 00:00:00',10,33,3),
    (29,'2015-01-05 00:00:00',5,73,2),
    (30,'2015-01-05 00:00:00',2,5,1),
    (31,'2015-01-05 00:00:00',11,79,2),
    (32,'2015-01-06 00:00:00',20,44,1),
    (33,'2015-01-06 00:00:00',9,64,1),
    (34,'2015-01-06 00:00:00',18,10,2),
    (35,'2015-01-06 00:00:00',1,87,1),
    (36,'2015-01-06 00:00:00',2,37,2),
    (37,'2015-01-06 00:00:00',3,23,3),
    (38,'2015-01-06 00:00:00',8,37,3),
    (39,'2015-01-06 00:00:00',10,30,3),
    (40,'2015-01-06 00:00:00',19,83,2),
    (41,'2015-01-07 00:00:00',13,19,2),
    (42,'2015-01-07 00:00:00',10,27,2),
    (43,'2015-01-07 00:00:00',5,87,3),
    (44,'2015-01-07 00:00:00',1,19,2),
    (45,'2015-01-07 00:00:00',9,23,2),
    (46,'2015-01-08 00:00:00',6,28,2),
    (47,'2015-01-08 00:00:00',14,47,3),
    (48,'2015-01-08 00:00:00',18,58,1),
    (49,'2015-01-08 00:00:00',15,13,3),
    (50,'2015-01-08 00:00:00',19,91,2),
    (51,'2015-01-08 00:00:00',5,67,2),
    (52,'2015-01-08 00:00:00',10,25,3),
    (53,'2015-01-09 00:00:00',8,51,3),
    (54,'2015-01-09 00:00:00',5,24,2),
    (55,'2015-01-09 00:00:00',14,8,3),
    (56,'2015-01-10 00:00:00',16,70,3),
    (57,'2015-01-10 00:00:00',19,41,2),
    (58,'2015-01-10 00:00:00',19,42,1),
    (59,'2015-01-10 00:00:00',13,93,2),
    (60,'2015-01-10 00:00:00',13,42,2),
    (61,'2015-01-10 00:00:00',1,18,3),
    (62,'2015-01-10 00:00:00',2,59,1),
    (63,'2015-01-10 00:00:00',7,19,2),
    (64,'2015-01-11 00:00:00',1,73,2),
    (65,'2015-01-11 00:00:00',6,83,1),
    (66,'2015-01-11 00:00:00',3,74,1),
    (67,'2015-01-11 00:00:00',5,70,2),
    (68,'2015-01-11 00:00:00',6,84,3),
    (69,'2015-01-11 00:00:00',2,48,2),
    (70,'2015-01-11 00:00:00',14,65,1),
    (71,'2015-01-12 00:00:00',19,30,1),
    (72,'2015-01-12 00:00:00',10,36,1),
    (73,'2015-01-12 00:00:00',11,25,3),
    (74,'2015-01-12 00:00:00',17,16,3),
    (75,'2015-01-12 00:00:00',3,27,2),
    (76,'2015-01-12 00:00:00',2,44,1),
    (77,'2015-01-13 00:00:00',18,44,3),
    (78,'2015-01-13 00:00:00',14,72,1),
    (79,'2015-01-13 00:00:00',16,39,3),
    (80,'2015-01-13 00:00:00',8,85,1),
    (81,'2015-01-13 00:00:00',2,75,2),
    (82,'2015-01-14 00:00:00',7,60,1),
    (83,'2015-01-14 00:00:00',20,53,1),
    (84,'2015-01-14 00:00:00',11,67,2),
    (85,'2015-01-14 00:00:00',20,65,1),
    (86,'2015-01-14 00:00:00',6,94,1),
    (87,'2015-01-14 00:00:00',14,44,3),
    (88,'2015-01-14 00:00:00',6,58,1),
    (89,'2015-01-14 00:00:00',9,59,3),
    (90,'2015-01-15 00:00:00',13,84,1),
    (91,'2015-01-15 00:00:00',16,16,3),
    (92,'2015-01-15 00:00:00',2,58,3),
    (93,'2015-01-15 00:00:00',4,73,1),
    (94,'2015-01-15 00:00:00',19,59,2),
    (95,'2015-01-15 00:00:00',12,84,3),
    (96,'2015-01-16 00:00:00',3,92,3),
    (97,'2015-01-16 00:00:00',12,34,2),
    (98,'2015-01-16 00:00:00',12,34,3),
    (99,'2015-01-16 00:00:00',1,64,2),
    (100,'2015-01-16 00:00:00',10,24,1),
    (101,'2015-01-16 00:00:00',12,31,3),
    (102,'2015-01-16 00:00:00',8,73,1),
    (103,'2015-01-17 00:00:00',19,78,1),
    (104,'2015-01-17 00:00:00',11,16,3),
    (105,'2015-01-17 00:00:00',4,50,2),
    (106,'2015-01-17 00:00:00',14,85,2),
    (107,'2015-01-17 00:00:00',16,56,2),
    (108,'2015-01-18 00:00:00',4,25,1),
    (109,'2015-01-18 00:00:00',13,90,2),
    (110,'2015-01-18 00:00:00',3,72,2),
    (111,'2015-01-18 00:00:00',3,39,2),
    (112,'2015-01-18 00:00:00',15,10,1),
    (113,'2015-01-18 00:00:00',15,15,3),
    (114,'2015-01-18 00:00:00',3,75,1),
    (115,'2015-01-19 00:00:00',10,4,2),
    (116,'2015-01-19 00:00:00',8,47,2),
    (117,'2015-01-19 00:00:00',15,34,3),
    (118,'2015-01-20 00:00:00',13,10,2),
    (119,'2015-01-20 00:00:00',17,79,2),
    (120,'2015-01-20 00:00:00',19,72,3),
    (121,'2015-01-20 00:00:00',5,5,2),
    (122,'2015-01-20 00:00:00',13,7,3),
    (123,'2015-01-21 00:00:00',20,22,1),
    (124,'2015-01-21 00:00:00',10,2,2),
    (125,'2015-01-21 00:00:00',11,3,3),
    (126,'2015-01-21 00:00:00',16,45,3),
    (127,'2015-01-21 00:00:00',18,91,1),
    (128,'2015-01-21 00:00:00',11,41,2),
    (129,'2015-01-22 00:00:00',2,39,1),
    (130,'2015-01-22 00:00:00',1,56,3),
    (131,'2015-01-22 00:00:00',4,59,3),
    (132,'2015-01-22 00:00:00',11,67,3),
    (133,'2015-01-22 00:00:00',9,29,3),
    (134,'2015-01-22 00:00:00',6,37,2),
    (135,'2015-01-22 00:00:00',4,38,1),
    (136,'2015-01-22 00:00:00',15,36,3),
    (137,'2015-01-22 00:00:00',15,66,1),
    (138,'2015-01-22 00:00:00',8,61,2),
    (139,'2015-01-23 00:00:00',8,2,3),
    (140,'2015-01-23 00:00:00',17,78,1),
    (141,'2015-01-23 00:00:00',11,14,3),
    (142,'2015-01-23 00:00:00',17,88,1),
    (143,'2015-01-23 00:00:00',14,16,1),
    (144,'2015-01-23 00:00:00',9,49,3),
    (145,'2015-01-23 00:00:00',5,69,3),
    (146,'2015-01-23 00:00:00',17,16,1),
    (147,'2015-01-23 00:00:00',8,68,3),
    (148,'2015-01-23 00:00:00',3,69,2),
    (149,'2015-01-23 00:00:00',8,73,1),
    (150,'2015-01-24 00:00:00',2,45,3),
    (151,'2015-01-24 00:00:00',18,77,2),
    (152,'2015-01-24 00:00:00',10,93,2),
    (153,'2015-01-24 00:00:00',17,50,3),
    (154,'2015-01-24 00:00:00',20,14,1),
    (155,'2015-01-24 00:00:00',1,52,3),
    (156,'2015-01-24 00:00:00',19,6,3),
    (157,'2015-01-24 00:00:00',9,56,2),
    (158,'2015-01-24 00:00:00',14,37,3),
    (159,'2015-01-25 00:00:00',9,90,3),
    (160,'2015-01-25 00:00:00',4,65,1),
    (161,'2015-01-25 00:00:00',18,58,2),
    (162,'2015-01-25 00:00:00',9,24,2),
    (163,'2015-01-25 00:00:00',17,41,2),
    (164,'2015-01-25 00:00:00',13,50,2),
    (165,'2015-01-25 00:00:00',4,93,3),
    (166,'2015-01-25 00:00:00',16,82,3),
    (167,'2015-01-25 00:00:00',8,13,3),
    (168,'2015-01-26 00:00:00',13,42,1),
    (169,'2015-01-26 00:00:00',8,90,2),
    (170,'2015-01-26 00:00:00',12,14,1),
    (171,'2015-01-26 00:00:00',7,9,1),
    (172,'2015-01-26 00:00:00',15,27,2),
    (173,'2015-01-27 00:00:00',17,92,2),
    (174,'2015-01-27 00:00:00',19,38,1),
    (175,'2015-01-27 00:00:00',20,87,3),
    (176,'2015-01-27 00:00:00',6,1,1),
    (177,'2015-01-27 00:00:00',20,67,2),
    (178,'2015-01-27 00:00:00',2,52,3),
    (179,'2015-01-27 00:00:00',20,68,1),
    (180,'2015-01-27 00:00:00',19,56,2),
    (181,'2015-01-27 00:00:00',13,81,3),
    (182,'2015-01-27 00:00:00',5,72,2),
    (183,'2015-01-27 00:00:00',9,16,2),
    (184,'2015-01-28 00:00:00',5,51,2),
    (185,'2015-01-28 00:00:00',2,24,1),
    (186,'2015-01-28 00:00:00',6,35,1),
    (187,'2015-01-28 00:00:00',20,11,3),
    (188,'2015-01-28 00:00:00',10,3,2),
    (189,'2015-01-29 00:00:00',14,64,1),
    (190,'2015-01-29 00:00:00',12,6,2),
    (191,'2015-01-29 00:00:00',17,70,1),
    (192,'2015-01-29 00:00:00',13,60,2),
    (193,'2015-01-30 00:00:00',18,68,2),
    (194,'2015-01-30 00:00:00',17,62,1),
    (195,'2015-01-30 00:00:00',8,36,1),
    (196,'2015-01-30 00:00:00',12,71,2),
    (197,'2015-01-30 00:00:00',12,54,2),
    (198,'2015-01-30 00:00:00',13,52,1),
    (199,'2015-01-30 00:00:00',20,58,3),
    (200,'2015-01-31 00:00:00',16,25,2),
    (201,'2015-01-31 00:00:00',14,27,3),
    (202,'2015-01-31 00:00:00',10,5,1),
    (203,'2015-02-01 00:00:00',18,11,2),
    (204,'2015-02-01 00:00:00',15,65,2),
    (205,'2015-02-02 00:00:00',1,42,3),
    (206,'2015-02-02 00:00:00',18,2,2),
    (207,'2015-02-02 00:00:00',7,53,1),
    (208,'2015-02-02 00:00:00',4,8,1),
    (209,'2015-02-02 00:00:00',2,63,1),
    (210,'2015-02-02 00:00:00',1,3,3),
    (211,'2015-02-02 00:00:00',17,75,3),
    (212,'2015-02-02 00:00:00',3,36,2),
    (213,'2015-02-03 00:00:00',3,33,3),
    (214,'2015-02-03 00:00:00',14,58,3),
    (215,'2015-02-03 00:00:00',5,39,1),
    (216,'2015-02-03 00:00:00',3,54,2),
    (217,'2015-02-03 00:00:00',19,81,1),
    (218,'2015-02-03 00:00:00',17,94,2),
    (219,'2015-02-04 00:00:00',1,2,3),
    (220,'2015-02-04 00:00:00',12,36,2),
    (221,'2015-02-04 00:00:00',1,53,3),
    (222,'2015-02-05 00:00:00',10,22,2),
    (223,'2015-02-05 00:00:00',1,6,3),
    (224,'2015-02-05 00:00:00',3,72,1),
    (225,'2015-02-05 00:00:00',2,9,1),
    (226,'2015-02-06 00:00:00',8,80,3),
    (227,'2015-02-06 00:00:00',7,46,1),
    (228,'2015-02-06 00:00:00',8,71,2),
    (229,'2015-02-06 00:00:00',15,30,2),
    (230,'2015-02-07 00:00:00',4,39,2),
    (231,'2015-02-08 00:00:00',3,36,1),
    (232,'2015-02-08 00:00:00',10,29,1),
    (233,'2015-02-08 00:00:00',9,64,1),
    (234,'2015-02-08 00:00:00',13,58,1),
    (235,'2015-02-08 00:00:00',1,5,1),
    (236,'2015-02-08 00:00:00',20,74,3),
    (237,'2015-02-08 00:00:00',7,33,2),
    (238,'2015-02-09 00:00:00',4,36,3),
    (239,'2015-02-09 00:00:00',17,34,3),
    (240,'2015-02-09 00:00:00',3,67,1),
    (241,'2015-02-09 00:00:00',20,93,1),
    (242,'2015-02-09 00:00:00',2,69,2),
    (243,'2015-02-09 00:00:00',7,53,2),
    (244,'2015-02-10 00:00:00',16,40,1),
    (245,'2015-02-10 00:00:00',19,15,3),
    (246,'2015-02-10 00:00:00',16,92,1),
    (247,'2015-02-10 00:00:00',16,39,1),
    (248,'2015-02-10 00:00:00',16,19,2),
    (249,'2015-02-10 00:00:00',5,49,3),
    (250,'2015-02-10 00:00:00',14,50,2),
    (251,'2015-02-10 00:00:00',14,66,1),
    (252,'2015-02-11 00:00:00',14,30,1),
    (253,'2015-02-11 00:00:00',5,12,3),
    (254,'2015-02-11 00:00:00',7,31,1),
    (255,'2015-02-11 00:00:00',11,78,3),
    (256,'2015-02-11 00:00:00',9,42,1),
    (257,'2015-02-11 00:00:00',20,65,2),
    (258,'2015-02-11 00:00:00',6,61,2),
    (259,'2015-02-11 00:00:00',5,89,2),
    (260,'2015-02-11 00:00:00',14,47,2),
    (261,'2015-02-11 00:00:00',17,38,2),
    (262,'2015-02-12 00:00:00',12,19,2),
    (263,'2015-02-12 00:00:00',12,37,2),
    (264,'2015-02-12 00:00:00',13,55,2),
    (265,'2015-02-12 00:00:00',14,2,2),
    (266,'2015-02-12 00:00:00',8,91,1),
    (267,'2015-02-12 00:00:00',10,55,1),
    (268,'2015-02-12 00:00:00',5,55,2),
    (269,'2015-02-13 00:00:00',7,49,3),
    (270,'2015-02-13 00:00:00',8,81,2),
    (271,'2015-02-13 00:00:00',10,86,2),
    (272,'2015-02-13 00:00:00',9,38,2),
    (273,'2015-02-13 00:00:00',12,58,3),
    (274,'2015-02-13 00:00:00',5,49,1),
    (275,'2015-02-13 00:00:00',8,72,3),
    (276,'2015-02-13 00:00:00',19,91,2),
    (277,'2015-02-13 00:00:00',12,75,2),
    (278,'2015-02-13 00:00:00',1,84,1),
    (279,'2015-02-14 00:00:00',6,51,3),
    (280,'2015-02-14 00:00:00',5,5,2),
    (281,'2015-02-14 00:00:00',14,44,1),
    (282,'2015-02-14 00:00:00',20,6,2),
    (283,'2015-02-14 00:00:00',3,61,2),
    (284,'2015-02-14 00:00:00',15,17,3),
    (285,'2015-02-14 00:00:00',7,44,2),
    (286,'2015-02-15 00:00:00',13,93,1),
    (287,'2015-02-15 00:00:00',18,21,3),
    (288,'2015-02-15 00:00:00',16,48,2),
    (289,'2015-02-15 00:00:00',10,40,2),
    (290,'2015-02-15 00:00:00',11,9,1),
    (291,'2015-02-15 00:00:00',10,12,1),
    (292,'2015-02-15 00:00:00',8,90,3),
    (293,'2015-02-15 00:00:00',12,38,2),
    (294,'2015-02-16 00:00:00',19,63,3),
    (295,'2015-02-16 00:00:00',18,51,2),
    (296,'2015-02-16 00:00:00',16,70,3),
    (297,'2015-02-16 00:00:00',18,61,2),
    (298,'2015-02-16 00:00:00',12,14,1),
    (299,'2015-02-16 00:00:00',4,4,2),
    (300,'2015-02-16 00:00:00',20,80,3),
    (301,'2015-02-16 00:00:00',20,33,1),
    (302,'2015-02-17 00:00:00',17,65,2),
    (303,'2015-02-17 00:00:00',16,35,3),
    (304,'2015-02-17 00:00:00',8,67,1),
    (305,'2015-02-17 00:00:00',4,47,2),
    (306,'2015-02-17 00:00:00',10,87,3),
    (307,'2015-02-17 00:00:00',19,77,1),
    (308,'2015-02-17 00:00:00',12,27,3),
    (309,'2015-02-17 00:00:00',12,60,1),
    (310,'2015-02-18 00:00:00',5,79,2),
    (311,'2015-02-18 00:00:00',17,4,3),
    (312,'2015-02-18 00:00:00',7,15,2),
    (313,'2015-02-18 00:00:00',5,61,1),
    (314,'2015-02-18 00:00:00',15,38,1),
    (315,'2015-02-19 00:00:00',20,75,3),
    (316,'2015-02-19 00:00:00',9,34,1),
    (317,'2015-02-19 00:00:00',13,94,1),
    (318,'2015-02-19 00:00:00',15,69,3),
    (319,'2015-02-19 00:00:00',3,9,2),
    (320,'2015-02-19 00:00:00',3,43,1),
    (321,'2015-02-20 00:00:00',18,21,3),
    (322,'2015-02-20 00:00:00',18,18,1),
    (323,'2015-02-20 00:00:00',15,73,2),
    (324,'2015-02-20 00:00:00',12,18,1),
    (325,'2015-02-20 00:00:00',18,23,1),
    (326,'2015-02-20 00:00:00',18,67,2),
    (327,'2015-02-20 00:00:00',1,34,1),
    (328,'2015-02-20 00:00:00',9,8,2),
    (329,'2015-02-20 00:00:00',10,84,3),
    (330,'2015-02-20 00:00:00',14,61,2),
    (331,'2015-02-20 00:00:00',10,91,1),
    (332,'2015-02-20 00:00:00',5,55,1),
    (333,'2015-02-21 00:00:00',18,12,1),
    (334,'2015-02-21 00:00:00',4,8,2),
    (335,'2015-02-21 00:00:00',12,63,3),
    (336,'2015-02-21 00:00:00',6,43,3),
    (337,'2015-02-21 00:00:00',8,18,1),
    (338,'2015-02-21 00:00:00',5,62,3),
    (339,'2015-02-21 00:00:00',7,14,2),
    (340,'2015-02-21 00:00:00',17,36,3),
    (341,'2015-02-21 00:00:00',19,29,3),
    (342,'2015-02-21 00:00:00',4,8,2),
    (343,'2015-02-21 00:00:00',3,18,1),
    (344,'2015-02-22 00:00:00',12,69,1),
    (345,'2015-02-22 00:00:00',20,42,1),
    (346,'2015-02-22 00:00:00',5,84,1),
    (347,'2015-02-22 00:00:00',8,85,2),
    (348,'2015-02-22 00:00:00',2,24,1),
    (349,'2015-02-22 00:00:00',7,81,1),
    (350,'2015-02-22 00:00:00',20,54,3),
    (351,'2015-02-22 00:00:00',8,5,1),
    (352,'2015-02-23 00:00:00',2,3,1),
    (353,'2015-02-23 00:00:00',5,39,1),
    (354,'2015-02-23 00:00:00',16,34,1),
    (355,'2015-02-23 00:00:00',5,76,2),
    (356,'2015-02-24 00:00:00',16,28,3),
    (357,'2015-02-24 00:00:00',11,61,1),
    (358,'2015-02-24 00:00:00',13,42,1),
    (359,'2015-02-24 00:00:00',9,46,1),
    (360,'2015-02-24 00:00:00',6,24,3),
    (361,'2015-02-24 00:00:00',7,72,2),
    (362,'2015-02-24 00:00:00',2,21,3),
    (363,'2015-02-24 00:00:00',12,88,2),
    (364,'2015-02-24 00:00:00',20,25,1),
    (365,'2015-02-24 00:00:00',16,2,2),
    (366,'2015-02-24 00:00:00',4,16,3),
    (367,'2015-02-24 00:00:00',15,61,3),
    (368,'2015-02-25 00:00:00',3,89,2),
    (369,'2015-02-25 00:00:00',7,38,3),
    (370,'2015-02-25 00:00:00',6,3,1),
    (371,'2015-02-25 00:00:00',17,64,2),
    (372,'2015-02-26 00:00:00',9,67,2),
    (373,'2015-02-26 00:00:00',6,27,3),
    (374,'2015-02-26 00:00:00',9,17,3),
    (375,'2015-02-26 00:00:00',4,63,2),
    (376,'2015-02-26 00:00:00',10,52,2),
    (377,'2015-02-27 00:00:00',16,9,1),
    (378,'2015-02-27 00:00:00',5,41,3),
    (379,'2015-02-27 00:00:00',2,4,3),
    (380,'2015-02-27 00:00:00',9,65,2),
    (381,'2015-02-27 00:00:00',16,90,1),
    (382,'2015-02-27 00:00:00',8,70,1),
    (383,'2015-02-27 00:00:00',20,47,1),
    (384,'2015-02-27 00:00:00',9,87,1),
    (385,'2015-02-27 00:00:00',15,45,3),
    (386,'2015-02-27 00:00:00',6,7,1),
    (387,'2015-02-27 00:00:00',20,33,3),
    (388,'2015-02-27 00:00:00',20,62,3),
    (389,'2015-02-28 00:00:00',8,16,1),
    (390,'2015-02-28 00:00:00',14,64,2),
    (391,'2015-02-28 00:00:00',7,74,1),
    (392,'2015-02-28 00:00:00',2,90,3),
    (393,'2015-02-28 00:00:00',8,22,3),
    (394,'2015-02-28 00:00:00',4,36,3),
    (395,'2015-02-28 00:00:00',9,26,2),
    (396,'2015-02-28 00:00:00',8,22,3),
    (397,'2015-03-01 00:00:00',8,55,1),
    (398,'2015-03-01 00:00:00',4,60,3),
    (399,'2015-03-01 00:00:00',12,13,2),
    (400,'2015-03-01 00:00:00',11,7,2),
    (401,'2015-03-01 00:00:00',7,94,1),
    (402,'2015-03-01 00:00:00',16,93,1),
    (403,'2015-03-01 00:00:00',13,76,2),
    (404,'2015-03-02 00:00:00',9,35,1),
    (405,'2015-03-02 00:00:00',2,73,1),
    (406,'2015-03-02 00:00:00',20,57,2),
    (407,'2015-03-02 00:00:00',9,6,1),
    (408,'2015-03-02 00:00:00',13,51,3),
    (409,'2015-03-02 00:00:00',13,56,1),
    (410,'2015-03-02 00:00:00',15,32,3),
    (411,'2015-03-03 00:00:00',16,30,1),
    (412,'2015-03-03 00:00:00',17,29,1),
    (413,'2015-03-03 00:00:00',11,49,3),
    (414,'2015-03-03 00:00:00',9,46,2),
    (415,'2015-03-03 00:00:00',11,76,1),
    (416,'2015-03-03 00:00:00',15,59,3),
    (417,'2015-03-03 00:00:00',8,16,1),
    (418,'2015-03-03 00:00:00',14,5,1),
    (419,'2015-03-03 00:00:00',11,12,1),
    (420,'2015-03-03 00:00:00',19,93,2),
    (421,'2015-03-03 00:00:00',19,48,3),
    (422,'2015-03-04 00:00:00',13,75,2),
    (423,'2015-03-04 00:00:00',4,22,1),
    (424,'2015-03-04 00:00:00',8,15,3),
    (425,'2015-03-04 00:00:00',14,45,1),
    (426,'2015-03-04 00:00:00',7,76,3),
    (427,'2015-03-04 00:00:00',1,87,2),
    (428,'2015-03-05 00:00:00',14,23,2),
    (429,'2015-03-05 00:00:00',9,83,3),
    (430,'2015-03-05 00:00:00',6,67,3),
    (431,'2015-03-05 00:00:00',17,87,2),
    (432,'2015-03-06 00:00:00',19,36,1),
    (433,'2015-03-06 00:00:00',1,88,2),
    (434,'2015-03-06 00:00:00',11,36,2),
    (435,'2015-03-06 00:00:00',8,25,2),
    (436,'2015-03-06 00:00:00',13,44,3),
    (437,'2015-03-06 00:00:00',1,78,3),
    (438,'2015-03-06 00:00:00',7,30,3),
    (439,'2015-03-06 00:00:00',5,78,2),
    (440,'2015-03-07 00:00:00',20,54,3),
    (441,'2015-03-07 00:00:00',6,19,3),
    (442,'2015-03-07 00:00:00',16,30,2),
    (443,'2015-03-07 00:00:00',18,29,3),
    (444,'2015-03-07 00:00:00',10,3,3),
    (445,'2015-03-07 00:00:00',3,67,1),
    (446,'2015-03-08 00:00:00',18,44,2),
    (447,'2015-03-08 00:00:00',11,10,3),
    (448,'2015-03-08 00:00:00',8,85,1),
    (449,'2015-03-08 00:00:00',11,61,2),
    (450,'2015-03-08 00:00:00',14,53,1),
    (451,'2015-03-08 00:00:00',5,4,3),
    (452,'2015-03-09 00:00:00',12,55,2),
    (453,'2015-03-09 00:00:00',7,41,3),
    (454,'2015-03-09 00:00:00',20,10,2),
    (455,'2015-03-09 00:00:00',2,59,3),
    (456,'2015-03-10 00:00:00',5,73,2),
    (457,'2015-03-10 00:00:00',2,90,1),
    (458,'2015-03-10 00:00:00',20,22,2),
    (459,'2015-03-11 00:00:00',17,80,2),
    (460,'2015-03-11 00:00:00',4,15,1),
    (461,'2015-03-11 00:00:00',8,53,1),
    (462,'2015-03-11 00:00:00',20,18,3),
    (463,'2015-03-11 00:00:00',19,2,2),
    (464,'2015-03-12 00:00:00',19,83,3),
    (465,'2015-03-12 00:00:00',1,15,2),
    (466,'2015-03-12 00:00:00',8,6,2),
    (467,'2015-03-12 00:00:00',18,48,3),
    (468,'2015-03-13 00:00:00',1,14,2),
    (469,'2015-03-13 00:00:00',11,47,3),
    (470,'2015-03-13 00:00:00',6,46,2),
    (471,'2015-03-13 00:00:00',12,73,2),
    (472,'2015-03-13 00:00:00',19,77,3),
    (473,'2015-03-13 00:00:00',11,81,3),
    (474,'2015-03-14 00:00:00',8,19,2),
    (475,'2015-03-14 00:00:00',13,91,2),
    (476,'2015-03-14 00:00:00',4,89,1),
    (477,'2015-03-14 00:00:00',2,14,2),
    (478,'2015-03-14 00:00:00',9,25,1),
    (479,'2015-03-14 00:00:00',8,80,1),
    (480,'2015-03-14 00:00:00',16,24,2),
    (481,'2015-03-14 00:00:00',7,28,3),
    (482,'2015-03-14 00:00:00',6,83,3),
    (483,'2015-03-14 00:00:00',3,42,1),
    (484,'2015-03-15 00:00:00',20,10,1),
    (485,'2015-03-15 00:00:00',14,69,3),
    (486,'2015-03-15 00:00:00',13,37,2),
    (487,'2015-03-15 00:00:00',5,73,1),
    (488,'2015-03-15 00:00:00',8,1,1),
    (489,'2015-03-15 00:00:00',2,26,1),
    (490,'2015-03-15 00:00:00',16,83,3),
    (491,'2015-03-15 00:00:00',20,34,1),
    (492,'2015-03-15 00:00:00',13,1,1),
    (493,'2015-03-16 00:00:00',19,94,1),
    (494,'2015-03-16 00:00:00',10,11,3),
    (495,'2015-03-16 00:00:00',13,8,2),
    (496,'2015-03-16 00:00:00',20,38,1),
    (497,'2015-03-16 00:00:00',13,44,1),
    (498,'2015-03-17 00:00:00',20,25,1),
    (499,'2015-03-17 00:00:00',18,73,1),
    (500,'2015-03-18 00:00:00',12,12,1),
    (501,'2015-03-18 00:00:00',15,22,1),
    (502,'2015-03-18 00:00:00',10,17,1),
    (503,'2015-03-18 00:00:00',7,33,2),
    (504,'2015-03-18 00:00:00',7,53,1),
    (505,'2015-03-18 00:00:00',10,40,2),
    (506,'2015-03-19 00:00:00',12,46,1),
    (507,'2015-03-19 00:00:00',13,25,2),
    (508,'2015-03-19 00:00:00',15,83,2),
    (509,'2015-03-19 00:00:00',17,61,1),
    (510,'2015-03-19 00:00:00',17,68,1),
    (511,'2015-03-19 00:00:00',19,48,1),
    (512,'2015-03-19 00:00:00',2,66,2),
    (513,'2015-03-19 00:00:00',7,45,1),
    (514,'2015-03-19 00:00:00',11,80,3),
    (515,'2015-03-19 00:00:00',9,5,3),
    (516,'2015-03-20 00:00:00',7,33,3),
    (517,'2015-03-20 00:00:00',8,52,2),
    (518,'2015-03-20 00:00:00',3,60,1),
    (519,'2015-03-20 00:00:00',4,64,3),
    (520,'2015-03-20 00:00:00',6,36,1),
    (521,'2015-03-20 00:00:00',10,40,2),
    (522,'2015-03-20 00:00:00',2,70,3),
    (523,'2015-03-21 00:00:00',8,83,2),
    (524,'2015-03-21 00:00:00',3,69,1),
    (525,'2015-03-21 00:00:00',2,64,3),
    (526,'2015-03-21 00:00:00',9,58,2),
    (527,'2015-03-21 00:00:00',13,86,1),
    (528,'2015-03-21 00:00:00',4,41,2),
    (529,'2015-03-22 00:00:00',9,92,3),
    (530,'2015-03-22 00:00:00',5,68,1),
    (531,'2015-03-22 00:00:00',3,75,3),
    (532,'2015-03-22 00:00:00',13,33,3),
    (533,'2015-03-22 00:00:00',10,75,3),
    (534,'2015-03-22 00:00:00',1,64,3),
    (535,'2015-03-22 00:00:00',8,78,3),
    (536,'2015-03-23 00:00:00',7,3,3),
    (537,'2015-03-23 00:00:00',16,60,2),
    (538,'2015-03-23 00:00:00',5,61,3),
    (539,'2015-03-23 00:00:00',5,69,1),
    (540,'2015-03-23 00:00:00',10,68,3),
    (541,'2015-03-23 00:00:00',1,63,3),
    (542,'2015-03-23 00:00:00',8,92,3),
    (543,'2015-03-24 00:00:00',8,4,2),
    (544,'2015-03-24 00:00:00',15,74,3),
    (545,'2015-03-24 00:00:00',18,68,3),
    (546,'2015-03-24 00:00:00',9,47,3),
    (547,'2015-03-24 00:00:00',10,39,1),
    (548,'2015-03-25 00:00:00',19,94,2),
    (549,'2015-03-25 00:00:00',5,6,2),
    (550,'2015-03-25 00:00:00',10,63,2),
    (551,'2015-03-25 00:00:00',4,41,1),
    (552,'2015-03-25 00:00:00',9,65,3),
    (553,'2015-03-25 00:00:00',9,91,3),
    (554,'2015-03-25 00:00:00',13,43,1),
    (555,'2015-03-25 00:00:00',16,7,2),
    (556,'2015-03-25 00:00:00',17,74,2),
    (557,'2015-03-25 00:00:00',15,26,2),
    (558,'2015-03-25 00:00:00',2,45,2),
    (559,'2015-03-26 00:00:00',6,61,3),
    (560,'2015-03-26 00:00:00',2,73,1),
    (561,'2015-03-26 00:00:00',20,93,2),
    (562,'2015-03-26 00:00:00',5,19,3),
    (563,'2015-03-26 00:00:00',2,81,2),
    (564,'2015-03-26 00:00:00',18,40,1),
    (565,'2015-03-27 00:00:00',3,52,3),
    (566,'2015-03-27 00:00:00',8,29,1),
    (567,'2015-03-27 00:00:00',19,4,3),
    (568,'2015-03-27 00:00:00',18,20,1),
    (569,'2015-03-27 00:00:00',18,28,1),
    (570,'2015-03-28 00:00:00',10,58,3),
    (571,'2015-03-28 00:00:00',18,36,3),
    (572,'2015-03-28 00:00:00',5,44,1),
    (573,'2015-03-28 00:00:00',2,5,1),
    (574,'2015-03-28 00:00:00',7,67,1),
    (575,'2015-03-28 00:00:00',20,84,2),
    (576,'2015-03-28 00:00:00',7,43,2),
    (577,'2015-03-29 00:00:00',7,49,3),
    (578,'2015-03-29 00:00:00',13,52,1),
    (579,'2015-03-29 00:00:00',18,2,2),
    (580,'2015-03-29 00:00:00',16,78,3),
    (581,'2015-03-29 00:00:00',18,52,1),
    (582,'2015-03-30 00:00:00',5,53,2),
    (583,'2015-03-30 00:00:00',8,70,3),
    (584,'2015-03-30 00:00:00',2,21,3),
    (585,'2015-03-30 00:00:00',3,9,1),
    (586,'2015-03-30 00:00:00',2,39,2),
    (587,'2015-03-30 00:00:00',18,71,3),
    (588,'2015-03-31 00:00:00',7,11,1),
    (589,'2015-03-31 00:00:00',11,7,3),
    (590,'2015-03-31 00:00:00',8,22,1),
    (591,'2015-03-31 00:00:00',1,12,2),
    (592,'2015-03-31 00:00:00',1,84,1),
    (593,'2015-03-31 00:00:00',2,61,3),
    (594,'2015-03-31 00:00:00',20,83,1),
    (595,'2015-03-31 00:00:00',6,31,1),
    (596,'2015-04-01 00:00:00',4,73,2),
    (597,'2015-04-01 00:00:00',4,37,2),
    (598,'2015-04-01 00:00:00',20,64,2),
    (599,'2015-04-01 00:00:00',14,88,2),
    (600,'2015-04-01 00:00:00',6,44,2),
    (601,'2015-04-01 00:00:00',3,56,3),
    (602,'2015-04-01 00:00:00',8,43,1),
    (603,'2015-04-02 00:00:00',5,58,3),
    (604,'2015-04-02 00:00:00',18,20,3),
    (605,'2015-04-02 00:00:00',17,31,2),
    (606,'2015-04-02 00:00:00',3,49,3),
    (607,'2015-04-02 00:00:00',9,5,3),
    (608,'2015-04-02 00:00:00',6,47,1),
    (609,'2015-04-03 00:00:00',10,85,3),
    (610,'2015-04-03 00:00:00',7,51,2),
    (611,'2015-04-03 00:00:00',11,12,2),
    (612,'2015-04-03 00:00:00',7,63,1),
    (613,'2015-04-03 00:00:00',4,82,1),
    (614,'2015-04-03 00:00:00',2,3,2),
    (615,'2015-04-03 00:00:00',3,24,1),
    (616,'2015-04-03 00:00:00',17,16,3),
    (617,'2015-04-03 00:00:00',10,43,1),
    (618,'2015-04-03 00:00:00',14,20,2),
    (619,'2015-04-04 00:00:00',19,51,2),
    (620,'2015-04-04 00:00:00',14,28,2),
    (621,'2015-04-04 00:00:00',20,80,2),
    (622,'2015-04-04 00:00:00',18,42,3),
    (623,'2015-04-04 00:00:00',20,34,3),
    (624,'2015-04-05 00:00:00',8,55,1),
    (625,'2015-04-05 00:00:00',9,62,1),
    (626,'2015-04-05 00:00:00',5,38,1),
    (627,'2015-04-05 00:00:00',5,17,1),
    (628,'2015-04-05 00:00:00',5,17,3),
    (629,'2015-04-05 00:00:00',13,31,3),
    (630,'2015-04-06 00:00:00',16,18,3),
    (631,'2015-04-06 00:00:00',9,29,3),
    (632,'2015-04-06 00:00:00',14,25,2),
    (633,'2015-04-06 00:00:00',8,1,3),
    (634,'2015-04-06 00:00:00',5,90,2),
    (635,'2015-04-06 00:00:00',15,66,1),
    (636,'2015-04-06 00:00:00',5,78,3),
    (637,'2015-04-06 00:00:00',4,32,2),
    (638,'2015-04-07 00:00:00',9,23,1),
    (639,'2015-04-07 00:00:00',13,3,1),
    (640,'2015-04-07 00:00:00',11,72,3),
    (641,'2015-04-07 00:00:00',16,42,2),
    (642,'2015-04-07 00:00:00',12,50,3),
    (643,'2015-04-07 00:00:00',11,25,2),
    (644,'2015-04-08 00:00:00',2,93,3),
    (645,'2015-04-08 00:00:00',18,88,2),
    (646,'2015-04-08 00:00:00',15,91,3),
    (647,'2015-04-08 00:00:00',20,20,1),
    (648,'2015-04-08 00:00:00',10,38,3),
    (649,'2015-04-08 00:00:00',18,44,2),
    (650,'2015-04-09 00:00:00',5,41,3),
    (651,'2015-04-09 00:00:00',3,31,3),
    (652,'2015-04-09 00:00:00',10,6,1),
    (653,'2015-04-09 00:00:00',7,23,1),
    (654,'2015-04-09 00:00:00',16,60,2),
    (655,'2015-04-09 00:00:00',4,13,3),
    (656,'2015-04-10 00:00:00',6,91,2),
    (657,'2015-04-10 00:00:00',13,72,1),
    (658,'2015-04-10 00:00:00',4,31,1),
    (659,'2015-04-10 00:00:00',18,50,2),
    (660,'2015-04-10 00:00:00',2,28,1),
    (661,'2015-04-10 00:00:00',20,22,2),
    (662,'2015-04-10 00:00:00',9,84,3),
    (663,'2015-04-10 00:00:00',12,32,2),
    (664,'2015-04-10 00:00:00',2,20,2),
    (665,'2015-04-11 00:00:00',2,74,3),
    (666,'2015-04-11 00:00:00',17,73,3),
    (667,'2015-04-11 00:00:00',6,15,2),
    (668,'2015-04-11 00:00:00',16,31,2),
    (669,'2015-04-11 00:00:00',5,34,1),
    (670,'2015-04-11 00:00:00',7,94,1),
    (671,'2015-04-12 00:00:00',8,69,2),
    (672,'2015-04-12 00:00:00',11,82,3),
    (673,'2015-04-12 00:00:00',3,66,2),
    (674,'2015-04-12 00:00:00',9,7,1),
    (675,'2015-04-12 00:00:00',4,75,3),
    (676,'2015-04-12 00:00:00',11,30,1),
    (677,'2015-04-13 00:00:00',17,15,1),
    (678,'2015-04-13 00:00:00',7,53,2),
    (679,'2015-04-13 00:00:00',14,40,3),
    (680,'2015-04-13 00:00:00',10,37,2),
    (681,'2015-04-13 00:00:00',20,78,1),
    (682,'2015-04-14 00:00:00',12,19,3),
    (683,'2015-04-14 00:00:00',7,92,2),
    (684,'2015-04-14 00:00:00',13,45,1),
    (685,'2015-04-14 00:00:00',18,91,1),
    (686,'2015-04-14 00:00:00',2,58,2),
    (687,'2015-04-14 00:00:00',15,64,2),
    (688,'2015-04-14 00:00:00',8,11,3),
    (689,'2015-04-15 00:00:00',12,7,2),
    (690,'2015-04-15 00:00:00',10,86,2),
    (691,'2015-04-15 00:00:00',4,60,1),
    (692,'2015-04-15 00:00:00',16,79,3),
    (693,'2015-04-15 00:00:00',1,2,3),
    (694,'2015-04-15 00:00:00',6,39,2),
    (695,'2015-04-15 00:00:00',1,33,2),
    (696,'2015-04-15 00:00:00',7,76,1),
    (697,'2015-04-15 00:00:00',14,28,3),
    (698,'2015-04-16 00:00:00',6,7,3),
    (699,'2015-04-16 00:00:00',12,60,2),
    (700,'2015-04-16 00:00:00',14,23,3),
    (701,'2015-04-16 00:00:00',19,49,1),
    (702,'2015-04-16 00:00:00',8,19,2),
    (703,'2015-04-16 00:00:00',13,8,1),
    (704,'2015-04-16 00:00:00',15,63,2),
    (705,'2015-04-16 00:00:00',16,10,1),
    (706,'2015-04-17 00:00:00',5,39,3),
    (707,'2015-04-17 00:00:00',18,68,1),
    (708,'2015-04-17 00:00:00',7,1,3),
    (709,'2015-04-17 00:00:00',11,84,1),
    (710,'2015-04-17 00:00:00',13,93,2),
    (711,'2015-04-18 00:00:00',11,59,2),
    (712,'2015-04-18 00:00:00',17,25,1),
    (713,'2015-04-18 00:00:00',18,63,1),
    (714,'2015-04-18 00:00:00',2,22,3),
    (715,'2015-04-18 00:00:00',19,56,3),
    (716,'2015-04-18 00:00:00',20,82,2),
    (717,'2015-04-19 00:00:00',12,52,3),
    (718,'2015-04-19 00:00:00',20,78,2),
    (719,'2015-04-19 00:00:00',11,75,2),
    (720,'2015-04-19 00:00:00',15,92,3),
    (721,'2015-04-19 00:00:00',17,45,1),
    (722,'2015-04-19 00:00:00',12,89,1),
    (723,'2015-04-19 00:00:00',9,63,2),
    (724,'2015-04-19 00:00:00',20,30,2),
    (725,'2015-04-19 00:00:00',4,66,3),
    (726,'2015-04-20 00:00:00',8,90,1),
    (727,'2015-04-20 00:00:00',18,5,2),
    (728,'2015-04-20 00:00:00',6,7,1),
    (729,'2015-04-20 00:00:00',8,76,2),
    (730,'2015-04-20 00:00:00',5,51,3),
    (731,'2015-04-21 00:00:00',1,70,3),
    (732,'2015-04-21 00:00:00',9,14,2),
    (733,'2015-04-21 00:00:00',18,71,2),
    (734,'2015-04-21 00:00:00',20,52,3),
    (735,'2015-04-21 00:00:00',11,48,1),
    (736,'2015-04-21 00:00:00',7,10,1),
    (737,'2015-04-21 00:00:00',10,25,3),
    (738,'2015-04-22 00:00:00',8,35,3),
    (739,'2015-04-22 00:00:00',1,30,1),
    (740,'2015-04-22 00:00:00',1,90,2),
    (741,'2015-04-22 00:00:00',11,86,2),
    (742,'2015-04-22 00:00:00',20,75,1),
    (743,'2015-04-22 00:00:00',6,36,3),
    (744,'2015-04-22 00:00:00',20,87,3),
    (745,'2015-04-22 00:00:00',14,16,3),
    (746,'2015-04-22 00:00:00',17,80,1),
    (747,'2015-04-22 00:00:00',1,31,3),
    (748,'2015-04-23 00:00:00',12,9,2),
    (749,'2015-04-23 00:00:00',9,91,1),
    (750,'2015-04-23 00:00:00',1,84,1),
    (751,'2015-04-23 00:00:00',4,14,1),
    (752,'2015-04-23 00:00:00',7,5,1),
    (753,'2015-04-23 00:00:00',10,71,2),
    (754,'2015-04-23 00:00:00',13,78,3),
    (755,'2015-04-23 00:00:00',1,18,1),
    (756,'2015-04-23 00:00:00',15,68,2),
    (757,'2015-04-24 00:00:00',8,55,3),
    (758,'2015-04-24 00:00:00',13,68,3),
    (759,'2015-04-25 00:00:00',17,84,2),
    (760,'2015-04-25 00:00:00',19,29,3),
    (761,'2015-04-25 00:00:00',4,71,3),
    (762,'2015-04-26 00:00:00',7,65,2),
    (763,'2015-04-26 00:00:00',11,52,1),
    (764,'2015-04-26 00:00:00',5,73,3),
    (765,'2015-04-26 00:00:00',10,26,1),
    (766,'2015-04-26 00:00:00',8,8,2),
    (767,'2015-04-26 00:00:00',7,32,3),
    (768,'2015-04-27 00:00:00',8,73,1),
    (769,'2015-04-27 00:00:00',2,81,3),
    (770,'2015-04-27 00:00:00',10,48,1),
    (771,'2015-04-27 00:00:00',10,88,3),
    (772,'2015-04-27 00:00:00',11,45,2),
    (773,'2015-04-27 00:00:00',14,9,1),
    (774,'2015-04-27 00:00:00',11,37,3),
    (775,'2015-04-28 00:00:00',16,63,3),
    (776,'2015-04-28 00:00:00',7,6,2),
    (777,'2015-04-28 00:00:00',20,85,2),
    (778,'2015-04-28 00:00:00',9,60,2),
    (779,'2015-04-28 00:00:00',15,63,1),
    (780,'2015-04-28 00:00:00',13,77,1),
    (781,'2015-04-28 00:00:00',14,81,2),
    (782,'2015-04-28 00:00:00',10,75,3),
    (783,'2015-04-28 00:00:00',7,67,3),
    (784,'2015-04-29 00:00:00',12,53,3),
    (785,'2015-04-29 00:00:00',14,46,1),
    (786,'2015-04-29 00:00:00',12,25,3),
    (787,'2015-04-29 00:00:00',15,76,2),
    (788,'2015-04-29 00:00:00',20,94,1),
    (789,'2015-04-29 00:00:00',17,42,2),
    (790,'2015-04-29 00:00:00',17,50,3),
    (791,'2015-04-29 00:00:00',16,47,2),
    (792,'2015-04-29 00:00:00',18,8,1),
    (793,'2015-04-29 00:00:00',6,48,3),
    (794,'2015-04-30 00:00:00',11,76,3),
    (795,'2015-04-30 00:00:00',14,58,2),
    (796,'2015-04-30 00:00:00',6,47,1),
    (797,'2015-04-30 00:00:00',18,9,1),
    (798,'2015-05-01 00:00:00',7,41,3),
    (799,'2015-05-01 00:00:00',3,91,1),
    (800,'2015-05-01 00:00:00',5,70,3),
    (801,'2015-05-01 00:00:00',9,42,2),
    (802,'2015-05-01 00:00:00',19,19,3),
    (803,'2015-05-01 00:00:00',18,1,3),
    (804,'2015-05-02 00:00:00',2,37,1),
    (805,'2015-05-02 00:00:00',8,93,1),
    (806,'2015-05-02 00:00:00',11,77,1),
    (807,'2015-05-02 00:00:00',15,91,2),
    (808,'2015-05-02 00:00:00',16,24,3),
    (809,'2015-05-03 00:00:00',16,56,3),
    (810,'2015-05-03 00:00:00',6,78,3),
    (811,'2015-05-03 00:00:00',2,18,2),
    (812,'2015-05-03 00:00:00',11,91,3),
    (813,'2015-05-03 00:00:00',19,25,1),
    (814,'2015-05-03 00:00:00',10,78,3),
    (815,'2015-05-03 00:00:00',18,11,2),
    (816,'2015-05-03 00:00:00',5,61,3),
    (817,'2015-05-03 00:00:00',9,50,3),
    (818,'2015-05-03 00:00:00',1,32,2),
    (819,'2015-05-04 00:00:00',8,93,1),
    (820,'2015-05-04 00:00:00',14,44,3),
    (821,'2015-05-04 00:00:00',10,85,1),
    (822,'2015-05-04 00:00:00',14,33,1),
    (823,'2015-05-04 00:00:00',10,75,1),
    (824,'2015-05-05 00:00:00',3,75,3),
    (825,'2015-05-05 00:00:00',16,21,2),
    (826,'2015-05-05 00:00:00',11,77,2),
    (827,'2015-05-05 00:00:00',19,56,1),
    (828,'2015-05-05 00:00:00',11,66,3),
    (829,'2015-05-05 00:00:00',8,93,2),
    (830,'2015-05-06 00:00:00',1,8,3),
    (831,'2015-05-06 00:00:00',17,20,2),
    (832,'2015-05-06 00:00:00',4,16,3),
    (833,'2015-05-06 00:00:00',2,55,1),
    (834,'2015-05-06 00:00:00',9,64,2),
    (835,'2015-05-06 00:00:00',11,83,1),
    (836,'2015-05-06 00:00:00',13,89,3),
    (837,'2015-05-06 00:00:00',11,86,1),
    (838,'2015-05-06 00:00:00',15,17,1),
    (839,'2015-05-07 00:00:00',10,18,3),
    (840,'2015-05-07 00:00:00',15,65,3),
    (841,'2015-05-07 00:00:00',7,50,1),
    (842,'2015-05-07 00:00:00',1,80,1),
    (843,'2015-05-08 00:00:00',13,1,3),
    (844,'2015-05-08 00:00:00',7,12,3),
    (845,'2015-05-08 00:00:00',18,74,1),
    (846,'2015-05-08 00:00:00',14,13,1),
    (847,'2015-05-08 00:00:00',8,13,1),
    (848,'2015-05-08 00:00:00',17,64,1),
    (849,'2015-05-08 00:00:00',18,75,2),
    (850,'2015-05-08 00:00:00',9,67,2),
    (851,'2015-05-08 00:00:00',3,41,2),
    (852,'2015-05-08 00:00:00',8,93,2),
    (853,'2015-05-09 00:00:00',17,31,2),
    (854,'2015-05-09 00:00:00',13,60,1),
    (855,'2015-05-09 00:00:00',8,48,2),
    (856,'2015-05-09 00:00:00',20,27,1),
    (857,'2015-05-09 00:00:00',12,88,3),
    (858,'2015-05-09 00:00:00',11,21,2),
    (859,'2015-05-09 00:00:00',7,73,1),
    (860,'2015-05-10 00:00:00',6,1,1),
    (861,'2015-05-10 00:00:00',8,43,1),
    (862,'2015-05-10 00:00:00',17,57,3),
    (863,'2015-05-10 00:00:00',12,47,2),
    (864,'2015-05-10 00:00:00',15,59,2),
    (865,'2015-05-10 00:00:00',17,29,2),
    (866,'2015-05-11 00:00:00',7,49,2),
    (867,'2015-05-11 00:00:00',19,54,3),
    (868,'2015-05-11 00:00:00',8,94,3),
    (869,'2015-05-11 00:00:00',18,54,2),
    (870,'2015-05-11 00:00:00',5,5,3),
    (871,'2015-05-11 00:00:00',20,57,1),
    (872,'2015-05-11 00:00:00',13,27,1),
    (873,'2015-05-11 00:00:00',6,90,2),
    (874,'2015-05-12 00:00:00',4,8,3),
    (875,'2015-05-12 00:00:00',9,22,1),
    (876,'2015-05-12 00:00:00',15,93,3),
    (877,'2015-05-12 00:00:00',13,6,2),
    (878,'2015-05-12 00:00:00',14,15,2),
    (879,'2015-05-12 00:00:00',7,86,1),
    (880,'2015-05-12 00:00:00',2,66,1),
    (881,'2015-05-12 00:00:00',2,10,3),
    (882,'2015-05-12 00:00:00',2,4,3),
    (883,'2015-05-13 00:00:00',19,79,2),
    (884,'2015-05-13 00:00:00',1,87,2),
    (885,'2015-05-13 00:00:00',7,6,2),
    (886,'2015-05-13 00:00:00',12,73,1),
    (887,'2015-05-13 00:00:00',14,59,3),
    (888,'2015-05-13 00:00:00',8,58,1),
    (889,'2015-05-13 00:00:00',6,12,3),
    (890,'2015-05-14 00:00:00',6,37,1),
    (891,'2015-05-14 00:00:00',16,56,2),
    (892,'2015-05-14 00:00:00',8,48,1),
    (893,'2015-05-14 00:00:00',15,16,1),
    (894,'2015-05-14 00:00:00',3,7,2),
    (895,'2015-05-14 00:00:00',12,3,2),
    (896,'2015-05-14 00:00:00',19,79,3),
    (897,'2015-05-14 00:00:00',14,44,3),
    (898,'2015-05-15 00:00:00',14,33,3),
    (899,'2015-05-15 00:00:00',3,24,1),
    (900,'2015-05-15 00:00:00',8,6,2),
    (901,'2015-05-16 00:00:00',7,82,3),
    (902,'2015-05-16 00:00:00',2,5,1),
    (903,'2015-05-16 00:00:00',16,70,2),
    (904,'2015-05-16 00:00:00',11,55,3),
    (905,'2015-05-16 00:00:00',9,60,1),
    (906,'2015-05-16 00:00:00',6,75,3),
    (907,'2015-05-17 00:00:00',16,26,1),
    (908,'2015-05-17 00:00:00',5,33,1),
    (909,'2015-05-17 00:00:00',18,8,2),
    (910,'2015-05-17 00:00:00',7,22,3),
    (911,'2015-05-17 00:00:00',3,12,3),
    (912,'2015-05-17 00:00:00',10,5,1),
    (913,'2015-05-18 00:00:00',13,84,1),
    (914,'2015-05-18 00:00:00',7,59,2),
    (915,'2015-05-18 00:00:00',20,92,1),
    (916,'2015-05-18 00:00:00',9,88,3),
    (917,'2015-05-19 00:00:00',9,93,1),
    (918,'2015-05-19 00:00:00',4,52,2),
    (919,'2015-05-19 00:00:00',16,35,2),
    (920,'2015-05-19 00:00:00',6,43,2),
    (921,'2015-05-19 00:00:00',20,36,3),
    (922,'2015-05-19 00:00:00',3,90,2),
    (923,'2015-05-19 00:00:00',13,42,2),
    (924,'2015-05-19 00:00:00',12,12,3),
    (925,'2015-05-19 00:00:00',15,24,2),
    (926,'2015-05-20 00:00:00',8,80,3),
    (927,'2015-05-20 00:00:00',10,40,2),
    (928,'2015-05-20 00:00:00',3,33,1),
    (929,'2015-05-20 00:00:00',7,44,3),
    (930,'2015-05-20 00:00:00',11,46,1),
    (931,'2015-05-20 00:00:00',11,45,3),
    (932,'2015-05-20 00:00:00',2,4,3),
    (933,'2015-05-21 00:00:00',11,67,2),
    (934,'2015-05-21 00:00:00',16,51,1),
    (935,'2015-05-21 00:00:00',17,76,2),
    (936,'2015-05-21 00:00:00',2,26,3),
    (937,'2015-05-21 00:00:00',4,12,3),
    (938,'2015-05-22 00:00:00',3,47,3),
    (939,'2015-05-22 00:00:00',3,85,1),
    (940,'2015-05-22 00:00:00',10,52,1),
    (941,'2015-05-22 00:00:00',15,56,1),
    (942,'2015-05-22 00:00:00',13,90,3),
    (943,'2015-05-23 00:00:00',20,61,2),
    (944,'2015-05-23 00:00:00',11,86,1),
    (945,'2015-05-23 00:00:00',10,78,2),
    (946,'2015-05-23 00:00:00',9,55,3),
    (947,'2015-05-23 00:00:00',12,89,3),
    (948,'2015-05-23 00:00:00',4,52,2),
    (949,'2015-05-23 00:00:00',3,12,2),
    (950,'2015-05-23 00:00:00',17,74,1),
    (951,'2015-05-23 00:00:00',3,3,1),
    (952,'2015-05-24 00:00:00',1,60,2),
    (953,'2015-05-24 00:00:00',18,51,1),
    (954,'2015-05-24 00:00:00',10,27,2),
    (955,'2015-05-24 00:00:00',8,55,1),
    (956,'2015-05-24 00:00:00',13,42,3),
    (957,'2015-05-25 00:00:00',14,40,1),
    (958,'2015-05-25 00:00:00',5,60,1),
    (959,'2015-05-25 00:00:00',2,5,2),
    (960,'2015-05-25 00:00:00',13,57,2),
    (961,'2015-05-25 00:00:00',16,8,2),
    (962,'2015-05-25 00:00:00',7,82,2),
    (963,'2015-05-25 00:00:00',16,47,3),
    (964,'2015-05-25 00:00:00',20,79,2),
    (965,'2015-05-26 00:00:00',13,88,2),
    (966,'2015-05-26 00:00:00',18,12,2),
    (967,'2015-05-26 00:00:00',2,8,3),
    (968,'2015-05-26 00:00:00',18,92,1),
    (969,'2015-05-26 00:00:00',3,25,2),
    (970,'2015-05-26 00:00:00',10,60,1),
    (971,'2015-05-26 00:00:00',10,53,3),
    (972,'2015-05-26 00:00:00',4,47,1),
    (973,'2015-05-26 00:00:00',9,24,2),
    (974,'2015-05-27 00:00:00',5,57,2),
    (975,'2015-05-27 00:00:00',14,46,2),
    (976,'2015-05-27 00:00:00',9,2,3),
    (977,'2015-05-27 00:00:00',11,93,2),
    (978,'2015-05-27 00:00:00',2,53,1),
    (979,'2015-05-28 00:00:00',13,14,1),
    (980,'2015-05-28 00:00:00',2,68,2),
    (981,'2015-05-28 00:00:00',17,62,3),
    (982,'2015-05-28 00:00:00',6,45,1),
    (983,'2015-05-28 00:00:00',19,70,3),
    (984,'2015-05-28 00:00:00',17,4,1),
    (985,'2015-05-28 00:00:00',13,12,3),
    (986,'2015-05-28 00:00:00',13,94,3),
    (987,'2015-05-29 00:00:00',12,5,2),
    (988,'2015-05-29 00:00:00',12,90,2),
    (989,'2015-05-29 00:00:00',9,51,3),
    (990,'2015-05-29 00:00:00',11,7,1),
    (991,'2015-05-29 00:00:00',18,46,3),
    (992,'2015-05-29 00:00:00',19,43,2),
    (993,'2015-05-29 00:00:00',9,58,1),
    (994,'2015-05-29 00:00:00',19,86,1),
    (995,'2015-05-30 00:00:00',6,37,3),
    (996,'2015-05-30 00:00:00',18,82,3),
    (997,'2015-05-30 00:00:00',20,79,3),
    (998,'2015-05-30 00:00:00',20,91,1),
    (999,'2015-05-30 00:00:00',17,64,3),
    (1000,'2015-05-30 00:00:00',4,23,3);
INSERT INTO OrderDetails VALUES
    (1001,'2015-05-30 00:00:00',15,37,1),
    (1002,'2015-05-30 00:00:00',8,45,3),
    (1003,'2015-05-30 00:00:00',5,24,3),
    (1004,'2015-05-30 00:00:00',3,7,1),
    (1005,'2015-05-30 00:00:00',16,52,1),
    (1006,'2015-05-31 00:00:00',6,54,1),
    (1007,'2015-05-31 00:00:00',12,91,2),
    (1008,'2015-05-31 00:00:00',20,38,1),
    (1009,'2015-05-31 00:00:00',7,45,1),
    (1010,'2015-05-31 00:00:00',6,79,1),
    (1011,'2015-05-31 00:00:00',10,11,2),
    (1012,'2015-05-31 00:00:00',15,24,1),
    (1013,'2015-06-01 00:00:00',14,39,1),
    (1014,'2015-06-01 00:00:00',2,13,3),
    (1015,'2015-06-01 00:00:00',5,44,2),
    (1016,'2015-06-01 00:00:00',1,19,2),
    (1017,'2015-06-01 00:00:00',3,31,2),
    (1018,'2015-06-01 00:00:00',19,1,2),
    (1019,'2015-06-01 00:00:00',17,20,2),
    (1020,'2015-06-01 00:00:00',8,32,3),
    (1021,'2015-06-02 00:00:00',9,6,3),
    (1022,'2015-06-02 00:00:00',11,64,2),
    (1023,'2015-06-02 00:00:00',11,49,3),
    (1024,'2015-06-02 00:00:00',8,67,2),
    (1025,'2015-06-02 00:00:00',2,6,2),
    (1026,'2015-06-02 00:00:00',7,19,2),
    (1027,'2015-06-02 00:00:00',9,66,2),
    (1028,'2015-06-02 00:00:00',9,70,1),
    (1029,'2015-06-02 00:00:00',12,39,3),
    (1030,'2015-06-02 00:00:00',13,62,1),
    (1031,'2015-06-03 00:00:00',17,80,3),
    (1032,'2015-06-03 00:00:00',16,89,1),
    (1033,'2015-06-03 00:00:00',11,11,2),
    (1034,'2015-06-03 00:00:00',10,26,2),
    (1035,'2015-06-03 00:00:00',8,60,1),
    (1036,'2015-06-03 00:00:00',1,85,3),
    (1037,'2015-06-03 00:00:00',7,47,2),
    (1038,'2015-06-03 00:00:00',8,72,3),
    (1039,'2015-06-04 00:00:00',12,2,3),
    (1040,'2015-06-04 00:00:00',17,67,2),
    (1041,'2015-06-04 00:00:00',14,73,2),
    (1042,'2015-06-04 00:00:00',7,79,3),
    (1043,'2015-06-04 00:00:00',15,3,2),
    (1044,'2015-06-04 00:00:00',19,7,2),
    (1045,'2015-06-04 00:00:00',20,39,2),
    (1046,'2015-06-04 00:00:00',4,94,3),
    (1047,'2015-06-04 00:00:00',15,37,2),
    (1048,'2015-06-05 00:00:00',9,86,1),
    (1049,'2015-06-05 00:00:00',5,40,2),
    (1050,'2015-06-05 00:00:00',10,16,2),
    (1051,'2015-06-05 00:00:00',4,79,3),
    (1052,'2015-06-05 00:00:00',6,57,1),
    (1053,'2015-06-05 00:00:00',12,1,1),
    (1054,'2015-06-05 00:00:00',14,66,1),
    (1055,'2015-06-05 00:00:00',7,60,3),
    (1056,'2015-06-05 00:00:00',16,62,1),
    (1057,'2015-06-06 00:00:00',11,35,2),
    (1058,'2015-06-06 00:00:00',7,89,2),
    (1059,'2015-06-07 00:00:00',2,9,2),
    (1060,'2015-06-07 00:00:00',15,30,2),
    (1061,'2015-06-07 00:00:00',1,49,2),
    (1062,'2015-06-07 00:00:00',11,55,1),
    (1063,'2015-06-07 00:00:00',17,88,1),
    (1064,'2015-06-08 00:00:00',8,6,3),
    (1065,'2015-06-08 00:00:00',15,26,2),
    (1066,'2015-06-08 00:00:00',6,87,1),
    (1067,'2015-06-09 00:00:00',10,36,3),
    (1068,'2015-06-09 00:00:00',17,81,1),
    (1069,'2015-06-09 00:00:00',19,54,1),
    (1070,'2015-06-09 00:00:00',20,24,3),
    (1071,'2015-06-09 00:00:00',7,20,3),
    (1072,'2015-06-09 00:00:00',4,48,3),
    (1073,'2015-06-09 00:00:00',1,41,1),
    (1074,'2015-06-09 00:00:00',11,74,3),
    (1075,'2015-06-10 00:00:00',7,26,3),
    (1076,'2015-06-10 00:00:00',15,9,2),
    (1077,'2015-06-10 00:00:00',4,4,1),
    (1078,'2015-06-10 00:00:00',16,37,3),
    (1079,'2015-06-10 00:00:00',19,38,1),
    (1080,'2015-06-11 00:00:00',16,50,2),
    (1081,'2015-06-11 00:00:00',18,86,1),
    (1082,'2015-06-11 00:00:00',2,18,1),
    (1083,'2015-06-11 00:00:00',15,2,3),
    (1084,'2015-06-11 00:00:00',11,87,1),
    (1085,'2015-06-11 00:00:00',9,62,2),
    (1086,'2015-06-11 00:00:00',8,1,3),
    (1087,'2015-06-12 00:00:00',18,7,2),
    (1088,'2015-06-12 00:00:00',10,37,1),
    (1089,'2015-06-12 00:00:00',6,33,3),
    (1090,'2015-06-12 00:00:00',16,14,2),
    (1091,'2015-06-13 00:00:00',20,79,1),
    (1092,'2015-06-13 00:00:00',14,7,3),
    (1093,'2015-06-13 00:00:00',20,30,2),
    (1094,'2015-06-13 00:00:00',10,79,2),
    (1095,'2015-06-13 00:00:00',14,38,1),
    (1096,'2015-06-13 00:00:00',17,82,1),
    (1097,'2015-06-13 00:00:00',13,34,1),
    (1098,'2015-06-14 00:00:00',12,72,3),
    (1099,'2015-06-14 00:00:00',13,3,1),
    (1100,'2015-06-14 00:00:00',4,30,2),
    (1101,'2015-06-14 00:00:00',15,57,2),
    (1102,'2015-06-14 00:00:00',7,39,3),
    (1103,'2015-06-14 00:00:00',18,60,2),
    (1104,'2015-06-14 00:00:00',3,24,3),
    (1105,'2015-06-14 00:00:00',20,15,2),
    (1106,'2015-06-14 00:00:00',9,61,3),
    (1107,'2015-06-15 00:00:00',12,19,2),
    (1108,'2015-06-15 00:00:00',12,54,1),
    (1109,'2015-06-15 00:00:00',17,54,2),
    (1110,'2015-06-16 00:00:00',11,4,1),
    (1111,'2015-06-16 00:00:00',19,15,3),
    (1112,'2015-06-16 00:00:00',10,54,3),
    (1113,'2015-06-16 00:00:00',13,14,3),
    (1114,'2015-06-16 00:00:00',12,27,1),
    (1115,'2015-06-16 00:00:00',11,18,2),
    (1116,'2015-06-16 00:00:00',6,31,1),
    (1117,'2015-06-17 00:00:00',14,85,2),
    (1118,'2015-06-17 00:00:00',9,13,3),
    (1119,'2015-06-17 00:00:00',18,51,2),
    (1120,'2015-06-17 00:00:00',12,7,2),
    (1121,'2015-06-17 00:00:00',16,6,2),
    (1122,'2015-06-17 00:00:00',16,18,1),
    (1123,'2015-06-18 00:00:00',17,10,3),
    (1124,'2015-06-18 00:00:00',16,77,1),
    (1125,'2015-06-18 00:00:00',13,81,3),
    (1126,'2015-06-18 00:00:00',5,49,2),
    (1127,'2015-06-18 00:00:00',12,13,1),
    (1128,'2015-06-18 00:00:00',19,3,1),
    (1129,'2015-06-18 00:00:00',2,7,3),
    (1130,'2015-06-18 00:00:00',7,69,3),
    (1131,'2015-06-18 00:00:00',7,80,3),
    (1132,'2015-06-18 00:00:00',16,24,1),
    (1133,'2015-06-18 00:00:00',5,79,3),
    (1134,'2015-06-18 00:00:00',9,91,2),
    (1135,'2015-06-19 00:00:00',15,77,2),
    (1136,'2015-06-19 00:00:00',14,59,3),
    (1137,'2015-06-19 00:00:00',17,61,3),
    (1138,'2015-06-19 00:00:00',3,72,2),
    (1139,'2015-06-19 00:00:00',5,35,3),
    (1140,'2015-06-19 00:00:00',16,14,3),
    (1141,'2015-06-19 00:00:00',3,61,1),
    (1142,'2015-06-20 00:00:00',6,63,2),
    (1143,'2015-06-20 00:00:00',15,22,3),
    (1144,'2015-06-20 00:00:00',4,94,2),
    (1145,'2015-06-20 00:00:00',14,34,3),
    (1146,'2015-06-20 00:00:00',16,17,3),
    (1147,'2015-06-20 00:00:00',13,80,1),
    (1148,'2015-06-20 00:00:00',15,80,2),
    (1149,'2015-06-20 00:00:00',15,56,2),
    (1150,'2015-06-20 00:00:00',6,25,2),
    (1151,'2015-06-21 00:00:00',7,37,2),
    (1152,'2015-06-21 00:00:00',17,87,1),
    (1153,'2015-06-21 00:00:00',17,74,3),
    (1154,'2015-06-21 00:00:00',5,60,3),
    (1155,'2015-06-21 00:00:00',13,12,1),
    (1156,'2015-06-21 00:00:00',5,78,1),
    (1157,'2015-06-21 00:00:00',5,73,2),
    (1158,'2015-06-21 00:00:00',6,9,1),
    (1159,'2015-06-22 00:00:00',16,29,1),
    (1160,'2015-06-22 00:00:00',16,19,1),
    (1161,'2015-06-22 00:00:00',2,34,2),
    (1162,'2015-06-22 00:00:00',1,43,3),
    (1163,'2015-06-22 00:00:00',17,33,3),
    (1164,'2015-06-23 00:00:00',6,50,3),
    (1165,'2015-06-23 00:00:00',1,49,3),
    (1166,'2015-06-23 00:00:00',17,46,1),
    (1167,'2015-06-23 00:00:00',10,67,2),
    (1168,'2015-06-24 00:00:00',7,36,2),
    (1169,'2015-06-24 00:00:00',20,62,1),
    (1170,'2015-06-24 00:00:00',12,91,2),
    (1171,'2015-06-24 00:00:00',1,31,2),
    (1172,'2015-06-24 00:00:00',4,6,2),
    (1173,'2015-06-24 00:00:00',8,33,2),
    (1174,'2015-06-24 00:00:00',16,34,1),
    (1175,'2015-06-24 00:00:00',3,12,3),
    (1176,'2015-06-24 00:00:00',18,16,2),
    (1177,'2015-06-25 00:00:00',7,47,3),
    (1178,'2015-06-25 00:00:00',5,48,2),
    (1179,'2015-06-25 00:00:00',10,86,3),
    (1180,'2015-06-25 00:00:00',17,28,1),
    (1181,'2015-06-25 00:00:00',7,42,2),
    (1182,'2015-06-25 00:00:00',19,61,3),
    (1183,'2015-06-25 00:00:00',6,86,2),
    (1184,'2015-06-26 00:00:00',17,61,1),
    (1185,'2015-06-26 00:00:00',18,64,3),
    (1186,'2015-06-26 00:00:00',7,46,1),
    (1187,'2015-06-26 00:00:00',5,81,3),
    (1188,'2015-06-26 00:00:00',19,6,3),
    (1189,'2015-06-26 00:00:00',7,69,2),
    (1190,'2015-06-26 00:00:00',1,53,3),
    (1191,'2015-06-27 00:00:00',7,48,1),
    (1192,'2015-06-27 00:00:00',7,74,2),
    (1193,'2015-06-27 00:00:00',15,16,1),
    (1194,'2015-06-27 00:00:00',19,11,2),
    (1195,'2015-06-27 00:00:00',8,75,3),
    (1196,'2015-06-27 00:00:00',13,71,3),
    (1197,'2015-06-28 00:00:00',12,77,1),
    (1198,'2015-06-28 00:00:00',15,57,3),
    (1199,'2015-06-28 00:00:00',11,27,1),
    (1200,'2015-06-28 00:00:00',16,51,3),
    (1201,'2015-06-28 00:00:00',8,15,2),
    (1202,'2015-06-28 00:00:00',11,42,3),
    (1203,'2015-06-28 00:00:00',20,44,1),
    (1204,'2015-06-28 00:00:00',20,78,2),
    (1205,'2015-06-29 00:00:00',2,53,2),
    (1206,'2015-06-29 00:00:00',4,27,2),
    (1207,'2015-06-29 00:00:00',5,5,1),
    (1208,'2015-06-29 00:00:00',13,77,3),
    (1209,'2015-06-29 00:00:00',5,51,1),
    (1210,'2015-06-29 00:00:00',13,6,2),
    (1211,'2015-06-30 00:00:00',1,58,1),
    (1212,'2015-06-30 00:00:00',2,49,3),
    (1213,'2015-06-30 00:00:00',15,46,3),
    (1214,'2015-06-30 00:00:00',7,51,2),
    (1215,'2015-06-30 00:00:00',8,49,1),
    (1216,'2015-06-30 00:00:00',9,46,3),
    (1217,'2015-06-30 00:00:00',20,81,2),
    (1218,'2015-06-30 00:00:00',16,44,3),
    (1219,'2015-06-30 00:00:00',20,49,3),
    (1220,'2015-06-30 00:00:00',8,21,1),
    (1221,'2015-07-01 00:00:00',1,94,3),
    (1222,'2015-07-01 00:00:00',4,2,2),
    (1223,'2015-07-01 00:00:00',1,45,2),
    (1224,'2015-07-01 00:00:00',9,41,1),
    (1225,'2015-07-02 00:00:00',3,85,1),
    (1226,'2015-07-02 00:00:00',4,5,2),
    (1227,'2015-07-02 00:00:00',9,8,2),
    (1228,'2015-07-02 00:00:00',10,55,3),
    (1229,'2015-07-03 00:00:00',14,59,2),
    (1230,'2015-07-03 00:00:00',19,30,1),
    (1231,'2015-07-03 00:00:00',2,28,1),
    (1232,'2015-07-03 00:00:00',8,56,2),
    (1233,'2015-07-04 00:00:00',8,46,2),
    (1234,'2015-07-04 00:00:00',18,62,2),
    (1235,'2015-07-04 00:00:00',15,13,3),
    (1236,'2015-07-04 00:00:00',10,60,2),
    (1237,'2015-07-04 00:00:00',16,92,1),
    (1238,'2015-07-04 00:00:00',11,71,2),
    (1239,'2015-07-04 00:00:00',2,89,3),
    (1240,'2015-07-04 00:00:00',10,57,3),
    (1241,'2015-07-04 00:00:00',14,45,2),
    (1242,'2015-07-05 00:00:00',6,50,1),
    (1243,'2015-07-05 00:00:00',19,29,2),
    (1244,'2015-07-05 00:00:00',13,93,3),
    (1245,'2015-07-05 00:00:00',18,91,2),
    (1246,'2015-07-05 00:00:00',14,75,1),
    (1247,'2015-07-05 00:00:00',4,79,2),
    (1248,'2015-07-05 00:00:00',9,90,1),
    (1249,'2015-07-06 00:00:00',16,44,2),
    (1250,'2015-07-06 00:00:00',19,11,1),
    (1251,'2015-07-06 00:00:00',17,71,2),
    (1252,'2015-07-06 00:00:00',18,66,2),
    (1253,'2015-07-07 00:00:00',18,68,1),
    (1254,'2015-07-07 00:00:00',19,84,1),
    (1255,'2015-07-07 00:00:00',20,53,1),
    (1256,'2015-07-07 00:00:00',13,21,3),
    (1257,'2015-07-07 00:00:00',10,58,3),
    (1258,'2015-07-08 00:00:00',1,31,3),
    (1259,'2015-07-08 00:00:00',20,9,1),
    (1260,'2015-07-08 00:00:00',7,76,2),
    (1261,'2015-07-08 00:00:00',5,51,2),
    (1262,'2015-07-08 00:00:00',17,43,2),
    (1263,'2015-07-08 00:00:00',17,65,3),
    (1264,'2015-07-08 00:00:00',19,64,3),
    (1265,'2015-07-08 00:00:00',3,44,3),
    (1266,'2015-07-08 00:00:00',11,60,3),
    (1267,'2015-07-09 00:00:00',9,45,1),
    (1268,'2015-07-09 00:00:00',7,26,2),
    (1269,'2015-07-09 00:00:00',6,43,1),
    (1270,'2015-07-09 00:00:00',1,43,1),
    (1271,'2015-07-09 00:00:00',16,20,3),
    (1272,'2015-07-09 00:00:00',6,73,2),
    (1273,'2015-07-09 00:00:00',3,74,2),
    (1274,'2015-07-09 00:00:00',12,61,2),
    (1275,'2015-07-10 00:00:00',20,50,1),
    (1276,'2015-07-10 00:00:00',20,67,2),
    (1277,'2015-07-10 00:00:00',13,5,2),
    (1278,'2015-07-10 00:00:00',17,91,1),
    (1279,'2015-07-10 00:00:00',4,47,2),
    (1280,'2015-07-10 00:00:00',8,12,3),
    (1281,'2015-07-10 00:00:00',13,57,3),
    (1282,'2015-07-10 00:00:00',19,47,2),
    (1283,'2015-07-10 00:00:00',14,69,2),
    (1284,'2015-07-10 00:00:00',17,10,2),
    (1285,'2015-07-10 00:00:00',14,63,2),
    (1286,'2015-07-10 00:00:00',15,59,1),
    (1287,'2015-07-11 00:00:00',10,57,2),
    (1288,'2015-07-11 00:00:00',16,62,2),
    (1289,'2015-07-11 00:00:00',17,46,3),
    (1290,'2015-07-11 00:00:00',2,60,1),
    (1291,'2015-07-11 00:00:00',1,23,2),
    (1292,'2015-07-11 00:00:00',11,1,3),
    (1293,'2015-07-11 00:00:00',19,70,2),
    (1294,'2015-07-11 00:00:00',8,10,3),
    (1295,'2015-07-11 00:00:00',17,68,3),
    (1296,'2015-07-11 00:00:00',9,71,1),
    (1297,'2015-07-12 00:00:00',6,70,1),
    (1298,'2015-07-12 00:00:00',1,93,2),
    (1299,'2015-07-12 00:00:00',20,43,2),
    (1300,'2015-07-12 00:00:00',9,58,3),
    (1301,'2015-07-12 00:00:00',18,42,1),
    (1302,'2015-07-12 00:00:00',14,94,1),
    (1303,'2015-07-13 00:00:00',4,24,3),
    (1304,'2015-07-13 00:00:00',14,87,1),
    (1305,'2015-07-13 00:00:00',20,79,1),
    (1306,'2015-07-13 00:00:00',16,19,3),
    (1307,'2015-07-13 00:00:00',3,3,1),
    (1308,'2015-07-13 00:00:00',16,21,2),
    (1309,'2015-07-13 00:00:00',17,72,2),
    (1310,'2015-07-13 00:00:00',7,29,3),
    (1311,'2015-07-13 00:00:00',1,6,3),
    (1312,'2015-07-14 00:00:00',11,39,1),
    (1313,'2015-07-14 00:00:00',11,77,3),
    (1314,'2015-07-14 00:00:00',10,88,1),
    (1315,'2015-07-14 00:00:00',4,44,3),
    (1316,'2015-07-14 00:00:00',15,70,1),
    (1317,'2015-07-14 00:00:00',9,8,1),
    (1318,'2015-07-14 00:00:00',17,64,3),
    (1319,'2015-07-15 00:00:00',13,83,1),
    (1320,'2015-07-15 00:00:00',4,3,2),
    (1321,'2015-07-15 00:00:00',7,20,3),
    (1322,'2015-07-15 00:00:00',9,81,3),
    (1323,'2015-07-15 00:00:00',6,89,3),
    (1324,'2015-07-16 00:00:00',20,91,2),
    (1325,'2015-07-16 00:00:00',19,4,1),
    (1326,'2015-07-16 00:00:00',4,32,2),
    (1327,'2015-07-16 00:00:00',20,1,2),
    (1328,'2015-07-17 00:00:00',20,13,1),
    (1329,'2015-07-17 00:00:00',18,6,1),
    (1330,'2015-07-17 00:00:00',1,63,2),
    (1331,'2015-07-17 00:00:00',1,40,3),
    (1332,'2015-07-17 00:00:00',8,5,3),
    (1333,'2015-07-17 00:00:00',6,39,2),
    (1334,'2015-07-18 00:00:00',9,62,2),
    (1335,'2015-07-18 00:00:00',14,1,1),
    (1336,'2015-07-18 00:00:00',2,57,1),
    (1337,'2015-07-18 00:00:00',5,26,2),
    (1338,'2015-07-18 00:00:00',1,84,2),
    (1339,'2015-07-18 00:00:00',18,60,2),
    (1340,'2015-07-18 00:00:00',1,47,1),
    (1341,'2015-07-19 00:00:00',13,9,3),
    (1342,'2015-07-19 00:00:00',20,3,2),
    (1343,'2015-07-19 00:00:00',7,31,3),
    (1344,'2015-07-19 00:00:00',19,32,1),
    (1345,'2015-07-19 00:00:00',9,48,3),
    (1346,'2015-07-19 00:00:00',9,62,3),
    (1347,'2015-07-19 00:00:00',9,35,1),
    (1348,'2015-07-19 00:00:00',1,34,3),
    (1349,'2015-07-19 00:00:00',16,2,2),
    (1350,'2015-07-20 00:00:00',5,21,3),
    (1351,'2015-07-20 00:00:00',12,29,2),
    (1352,'2015-07-20 00:00:00',20,13,1),
    (1353,'2015-07-20 00:00:00',19,12,3),
    (1354,'2015-07-21 00:00:00',7,31,3),
    (1355,'2015-07-21 00:00:00',14,32,1),
    (1356,'2015-07-21 00:00:00',6,38,1),
    (1357,'2015-07-21 00:00:00',4,22,1),
    (1358,'2015-07-21 00:00:00',10,87,2),
    (1359,'2015-07-21 00:00:00',11,26,2),
    (1360,'2015-07-21 00:00:00',1,22,1),
    (1361,'2015-07-21 00:00:00',10,54,1),
    (1362,'2015-07-21 00:00:00',1,24,1),
    (1363,'2015-07-22 00:00:00',19,49,3),
    (1364,'2015-07-22 00:00:00',13,19,3),
    (1365,'2015-07-22 00:00:00',16,2,1),
    (1366,'2015-07-22 00:00:00',9,29,3),
    (1367,'2015-07-22 00:00:00',15,87,3),
    (1368,'2015-07-22 00:00:00',10,42,2),
    (1369,'2015-07-22 00:00:00',3,50,1),
    (1370,'2015-07-22 00:00:00',4,82,1),
    (1371,'2015-07-23 00:00:00',11,76,2),
    (1372,'2015-07-23 00:00:00',20,19,3),
    (1373,'2015-07-23 00:00:00',3,89,2),
    (1374,'2015-07-23 00:00:00',1,11,3),
    (1375,'2015-07-23 00:00:00',12,56,2),
    (1376,'2015-07-23 00:00:00',16,59,3),
    (1377,'2015-07-23 00:00:00',17,94,2),
    (1378,'2015-07-23 00:00:00',14,41,3),
    (1379,'2015-07-23 00:00:00',10,44,3),
    (1380,'2015-07-23 00:00:00',15,17,1),
    (1381,'2015-07-24 00:00:00',5,17,1),
    (1382,'2015-07-24 00:00:00',7,24,1),
    (1383,'2015-07-24 00:00:00',20,1,1),
    (1384,'2015-07-24 00:00:00',2,94,3),
    (1385,'2015-07-24 00:00:00',4,63,1),
    (1386,'2015-07-24 00:00:00',1,87,2),
    (1387,'2015-07-25 00:00:00',11,65,1),
    (1388,'2015-07-25 00:00:00',3,57,3),
    (1389,'2015-07-25 00:00:00',7,15,2),
    (1390,'2015-07-25 00:00:00',5,84,2),
    (1391,'2015-07-25 00:00:00',8,65,3),
    (1392,'2015-07-25 00:00:00',13,87,3),
    (1393,'2015-07-25 00:00:00',4,18,1),
    (1394,'2015-07-25 00:00:00',14,85,1),
    (1395,'2015-07-26 00:00:00',7,94,3),
    (1396,'2015-07-26 00:00:00',6,54,2),
    (1397,'2015-07-26 00:00:00',12,62,1),
    (1398,'2015-07-26 00:00:00',5,14,2),
    (1399,'2015-07-26 00:00:00',19,1,2),
    (1400,'2015-07-26 00:00:00',19,47,3),
    (1401,'2015-07-26 00:00:00',19,64,3),
    (1402,'2015-07-27 00:00:00',20,40,3),
    (1403,'2015-07-27 00:00:00',6,94,2),
    (1404,'2015-07-27 00:00:00',2,25,2),
    (1405,'2015-07-27 00:00:00',19,70,2),
    (1406,'2015-07-27 00:00:00',11,28,1),
    (1407,'2015-07-27 00:00:00',12,5,3),
    (1408,'2015-07-27 00:00:00',13,42,3),
    (1409,'2015-07-27 00:00:00',3,21,2),
    (1410,'2015-07-27 00:00:00',9,49,1),
    (1411,'2015-07-28 00:00:00',9,53,2),
    (1412,'2015-07-28 00:00:00',6,58,1),
    (1413,'2015-07-28 00:00:00',11,77,3),
    (1414,'2015-07-29 00:00:00',10,65,2),
    (1415,'2015-07-29 00:00:00',7,36,1),
    (1416,'2015-07-29 00:00:00',17,84,3),
    (1417,'2015-07-29 00:00:00',14,81,1),
    (1418,'2015-07-29 00:00:00',11,84,3),
    (1419,'2015-07-29 00:00:00',16,17,2),
    (1420,'2015-07-29 00:00:00',13,51,2),
    (1421,'2015-07-30 00:00:00',9,78,3),
    (1422,'2015-07-30 00:00:00',4,45,1),
    (1423,'2015-07-30 00:00:00',11,49,3),
    (1424,'2015-07-30 00:00:00',2,90,2),
    (1425,'2015-07-30 00:00:00',4,21,1),
    (1426,'2015-07-30 00:00:00',4,30,3),
    (1427,'2015-07-30 00:00:00',3,79,1),
    (1428,'2015-07-31 00:00:00',18,82,3),
    (1429,'2015-07-31 00:00:00',4,15,1),
    (1430,'2015-07-31 00:00:00',11,51,3),
    (1431,'2015-07-31 00:00:00',2,88,1),
    (1432,'2015-07-31 00:00:00',10,68,1),
    (1433,'2015-08-01 00:00:00',6,78,3),
    (1434,'2015-08-01 00:00:00',13,65,3),
    (1435,'2015-08-01 00:00:00',10,17,2),
    (1436,'2015-08-01 00:00:00',20,59,2),
    (1437,'2015-08-01 00:00:00',4,20,1),
    (1438,'2015-08-01 00:00:00',6,32,2),
    (1439,'2015-08-02 00:00:00',6,92,2),
    (1440,'2015-08-02 00:00:00',6,75,2),
    (1441,'2015-08-03 00:00:00',17,70,1),
    (1442,'2015-08-03 00:00:00',17,91,3),
    (1443,'2015-08-03 00:00:00',19,27,2),
    (1444,'2015-08-03 00:00:00',17,74,3),
    (1445,'2015-08-03 00:00:00',13,19,2),
    (1446,'2015-08-04 00:00:00',16,31,1),
    (1447,'2015-08-04 00:00:00',15,11,2),
    (1448,'2015-08-04 00:00:00',6,5,1),
    (1449,'2015-08-04 00:00:00',15,70,2),
    (1450,'2015-08-05 00:00:00',11,16,1),
    (1451,'2015-08-05 00:00:00',1,18,1),
    (1452,'2015-08-05 00:00:00',13,79,3),
    (1453,'2015-08-05 00:00:00',20,29,3),
    (1454,'2015-08-05 00:00:00',6,87,2),
    (1455,'2015-08-05 00:00:00',16,72,2),
    (1456,'2015-08-05 00:00:00',20,29,1),
    (1457,'2015-08-05 00:00:00',8,90,3),
    (1458,'2015-08-05 00:00:00',19,87,1),
    (1459,'2015-08-06 00:00:00',6,15,1),
    (1460,'2015-08-06 00:00:00',11,91,3),
    (1461,'2015-08-06 00:00:00',4,12,1),
    (1462,'2015-08-06 00:00:00',8,31,3),
    (1463,'2015-08-06 00:00:00',20,61,2),
    (1464,'2015-08-06 00:00:00',7,41,3),
    (1465,'2015-08-06 00:00:00',20,27,3),
    (1466,'2015-08-06 00:00:00',9,70,1),
    (1467,'2015-08-07 00:00:00',14,52,2),
    (1468,'2015-08-07 00:00:00',20,4,3),
    (1469,'2015-08-07 00:00:00',17,49,3),
    (1470,'2015-08-07 00:00:00',11,16,1),
    (1471,'2015-08-08 00:00:00',13,8,3),
    (1472,'2015-08-08 00:00:00',2,38,1),
    (1473,'2015-08-08 00:00:00',19,47,2),
    (1474,'2015-08-08 00:00:00',15,3,3),
    (1475,'2015-08-08 00:00:00',12,20,2),
    (1476,'2015-08-08 00:00:00',5,66,2),
    (1477,'2015-08-08 00:00:00',3,54,3),
    (1478,'2015-08-09 00:00:00',12,55,2),
    (1479,'2015-08-09 00:00:00',8,45,3),
    (1480,'2015-08-09 00:00:00',5,79,3),
    (1481,'2015-08-09 00:00:00',18,10,1),
    (1482,'2015-08-10 00:00:00',20,39,1),
    (1483,'2015-08-10 00:00:00',2,69,2),
    (1484,'2015-08-10 00:00:00',1,1,2),
    (1485,'2015-08-10 00:00:00',17,87,1),
    (1486,'2015-08-10 00:00:00',14,52,1),
    (1487,'2015-08-10 00:00:00',8,2,3),
    (1488,'2015-08-10 00:00:00',20,18,3),
    (1489,'2015-08-10 00:00:00',3,84,2),
    (1490,'2015-08-10 00:00:00',6,55,1),
    (1491,'2015-08-11 00:00:00',9,49,3),
    (1492,'2015-08-11 00:00:00',12,79,1),
    (1493,'2015-08-11 00:00:00',17,28,3),
    (1494,'2015-08-11 00:00:00',13,8,2),
    (1495,'2015-08-11 00:00:00',10,5,3),
    (1496,'2015-08-11 00:00:00',3,83,2),
    (1497,'2015-08-11 00:00:00',16,54,2),
    (1498,'2015-08-11 00:00:00',16,65,2),
    (1499,'2015-08-11 00:00:00',19,75,1),
    (1500,'2015-08-11 00:00:00',14,65,1);
    
    Select * from Propertyinfo;
    Select * from Products;
    Select * from OrderDetails;
    
    Select PropertyID, max(Quantity) as max111 from OrderDetails
    group by PropertyID;
    
    Select Quantity, count(*) from OrderDetails;
    
    Select distinct ProductID, Quantity from OrderDetails
    group by ProductID;
    
    Select ProductCategory, count(*) from Products
    group by ProductCategory
    order by 2 desc;
    
    Select PropertyState, count(*) as COUNT from Propertyinfo
    group by PropertyState
    order by 2 desc;
    
    Select ProductID, sum(Quantity) as Total_Quantity
    from OrderDetails
    group by ProductID
    order by 2 desc
    limit 5;
    
    Select PropertyID,sum(Quantity) as Total111
    from OrderDetails
    group by PropertyID
    order by 2 desc
    limit 5;
    
    Select c.PropertyCity, a.ProductName, sum(a.Price * b.Quantity) as Sales
    from Products as a
    left join OrderDetails as b
    left join Propertyinfo as c on  b.ProductID=c.Prop_ID
    on a.ProductID=b.ProductID
    group by a.ProductName
    order by 3 desc
    limit 5;
    
    Select * from Products
    where ProductName IN
    (
    Select ProductName from Products 
	group by ProductName
    having sum(Price)<10
    );
    
    
    
    
    
    
    
    
    
    